question,answer,agency
Apakah fungsi utama Kementerian Digital?,Fungsi utama Kementerian Digital adalah untuk merancang dan melaksanakan dasar-dasar berkaitan teknologi digital dan transformasi digital negara serta memastikan infrastruktur digital yang mampan dan inklusif.,39
Bagaimanakah cara untuk mendaftar dalam program latihan kemahiran digital yang ditawarkan oleh kementerian?,Untuk mendaftar program latihan kemahiran digital anda boleh melawat laman web rasmi kementerian membuat akaun dan memilih kursus yang sesuai. Pastikan anda memenuhi syarat-syarat kelayakan yang ditetapkan.,39
Apakah inisiatif kementerian untuk meningkatkan liputan internet di kawasan luar bandar?,"Kementerian mempunyai beberapa inisiatif seperti Pelan Jalinan Digital Negara (JENDELA), pembinaan menara telekomunikasi di kawasan terpencil, dan program subsidi perkhidmatan internet untuk penduduk luar bandar.",39
Bagaimanakah kementerian memastikan keselamatan siber negara?,Kementerian bekerjasama dengan agensi-agensi seperti CyberSecurity Malaysia untuk melaksanakan strategi keselamatan siber nasional melakukan pemantauan ancaman siber dan menyediakan garis panduan keselamatan siber untuk organisasi dan orang awam.,39
Apakah peranan kementerian dalam mempromosikan industri e-dagang di Malaysia?,"Kementerian mempromosikan e-dagang melalui program seperti Go-eCommerce, menyediakan geran dan insentif untuk perniagaan beralih ke platform digital, dan menganjurkan kempen kesedaran tentang manfaat e-dagang.",39
Bagaimanakah kementerian menangani isu jurang digital di Malaysia?,"Kementerian menangani jurang digital melalui pelbagai inisiatif termasuk program literasi digital, penyediaan pusat internet komuniti, dan kerjasama dengan sektor swasta untuk menyediakan peranti dan perkhidmatan internet yang mampu milik.",39
Apakah langkah-langkah yang diambil oleh kementerian untuk melindungi data peribadi rakyat Malaysia?,"Kementerian mengawasi pelaksanaan Akta Perlindungan Data Peribadi, mengeluarkan garis panduan perlindungan data, dan menjalankan audit keselamatan data terhadap organisasi yang mengendalikan data peribadi.",39
Bagaimanakah cara untuk melaporkan penipuan dalam talian kepada kementerian?,Anda boleh melaporkan penipuan dalam talian melalui portal aduan rasmi kementerian atau menghubungi talian hotline yang disediakan. Pastikan anda mempunyai bukti dan maklumat yang mencukupi tentang insiden tersebut.,39
Apakah inisiatif kementerian untuk menggalakkan inovasi teknologi di kalangan belia?,"Kementerian menggalakkan inovasi melalui program seperti hackathon kebangsaan, geran penyelidikan teknologi, dan kerjasama dengan universiti untuk membangunkan inkubator teknologi.",39
Bagaimanakah kementerian membantu perniagaan kecil dalam proses transformasi digital mereka?,"Kementerian menyediakan bantuan melalui program SME Go Digital, menawarkan geran transformasi digital, menyediakan khidmat nasihat pakar, dan menganjurkan bengkel dan seminar berkaitan teknologi digital untuk PKS.",39
Apakah peranan kementerian dalam pembangunan bandar pintar di Malaysia?,"Kementerian memainkan peranan penting dalam pembangunan bandar pintar dengan merangka dasar dan garis panduan, menyokong projek perintis, dan menggalakkan penggunaan teknologi IoT dan AI dalam pengurusan bandar.",39
Bagaimanakah kementerian menggalakkan penggunaan teknologi hijau dalam sektor digital?,"Kementerian menggalakkan teknologi hijau melalui insentif untuk pusat data mesra alam, mempromosikan penggunaan tenaga boleh diperbaharui dalam infrastruktur digital, dan menyokong penyelidikan dalam teknologi hijau.",39
Apakah langkah-langkah yang diambil oleh kementerian untuk menangani berita palsu dan maklumat yang menyeleweng?,"Kementerian bekerjasama dengan platform media sosial untuk mengesan dan menyekat penyebaran berita palsu, menjalankan kempen kesedaran awam, dan menguatkuasakan undang-undang berkaitan penyebaran maklumat palsu.",39
Bagaimanakah kementerian memastikan akses kepada perkhidmatan kerajaan digital yang inklusif?,"Kementerian memastikan akses inklusif melalui pembangunan aplikasi dan laman web kerajaan yang mesra pengguna, menyediakan kiosk perkhidmatan di kawasan awam, dan menawarkan bantuan khusus untuk warga emas dan OKU dalam mengakses perkhidmatan digital.",39
Apakah program-program yang ditawarkan oleh kementerian untuk meningkatkan kemahiran AI dan analisis data di Malaysia?,"Kementerian menawarkan program seperti AI Reskilling Initiative, kursus dalam talian percuma tentang AI dan analisis data, dan kerjasama dengan industri untuk menyediakan latihan praktikal.",39
Bagaimanakah kementerian mengawal selia penggunaan cryptocurrency di Malaysia?,"Kementerian bekerjasama dengan Bank Negara Malaysia dan Suruhanjaya Sekuriti untuk mengawal selia cryptocurrency, menetapkan garis panduan untuk pertukaran mata wang kripto, dan memantau risiko yang berkaitan dengan teknologi blockchain.",39
Apakah inisiatif kementerian untuk menggalakkan pembangunan industri permainan video tempatan?,"Kementerian menyokong industri permainan video tempatan melalui Dana Kandungan Digital, program inkubator untuk pembangun permainan, dan promosi permainan Malaysia di peringkat antarabangsa.",39
Bagaimanakah kementerian membantu dalam pendigitalan sektor pendidikan?,"Kementerian membantu pendigitalan pendidikan dengan menyediakan platform pembelajaran dalam talian, melatih guru dalam penggunaan teknologi pendidikan, dan membekalkan peranti digital kepada pelajar yang memerlukan.",39
Apakah peranan kementerian dalam memastikan penggunaan AI yang beretika di Malaysia?,"Kementerian memainkan peranan penting dalam memastikan penggunaan AI yang beretika dengan merangka garis panduan etika AI, menubuhkan jawatankuasa penasihat AI, dan menggalakkan penyelidikan tentang implikasi sosial AI.",39
Bagaimanakah orang awam boleh menyumbang idea untuk pembangunan digital negara kepada kementerian?,"Orang awam boleh menyumbang idea melalui platform maklum balas dalam talian kementerian, menghadiri sesi dialog awam yang dianjurkan, atau mengambil bahagian dalam pertandingan inovasi digital yang dianjurkan oleh kementerian.",39
Apakah fungsi utama Kementerian Perdagangan Dalam Negeri dan Kos Sara Hidup?,"Fungsi utama kementerian ini adalah untuk mengawal selia perdagangan dalam negeri, melindungi hak pengguna, mengawal harga barang keperluan, dan menangani isu berkaitan kos sara hidup.",41
Bagaimanakah cara untuk membuat aduan mengenai kenaikan harga barang yang tidak munasabah?,"Anda boleh membuat aduan melalui talian hotline kementerian, aplikasi mudah alih Price Catcher, atau melawat mana-mana pejabat kementerian untuk mengisi borang aduan.",41
Apakah langkah-langkah yang diambil oleh kementerian untuk mengawal inflasi?,"Kementerian mengambil langkah seperti pemantauan harga, kawalan harga barang tertentu, subsidi untuk barangan asas, dan menggalakkan persaingan sihat dalam pasaran.",41
Bagaimanakah kementerian memastikan kualiti barang di pasaran?,"Kementerian menjalankan pemeriksaan berkala di premis perniagaan, menguatkuasakan standard kualiti, dan mengambil tindakan terhadap peniaga yang menjual barang tidak berkualiti atau palsu.",41
Apakah program-program bantuan yang disediakan oleh kementerian untuk mengurangkan kos sara hidup?,"Program bantuan termasuk subsidi bahan api, Program Jualan Murah Keluarga Malaysia, dan bantuan khas untuk golongan B40 seperti Kad Siswa dan e-Tunai Rakyat.",41
Bagaimanakah kementerian menangani isu penyeludupan barang?,"Kementerian bekerjasama dengan agensi penguatkuasaan lain untuk menjalankan operasi bersepadu, meningkatkan kawalan di sempadan, dan mengenakan hukuman berat kepada penyeludup.",41
Apakah inisiatif kementerian untuk menggalakkan penggunaan produk tempatan?,"Inisiatif termasuk kempen Beli Barangan Malaysia, program pendidikan pengguna, dan kerjasama dengan peruncit untuk mempromosikan produk tempatan di pasaran raya.",41
Bagaimanakah kementerian mengawal selia industri francais di Malaysia?,"Kementerian mengawal selia industri francais melalui Akta Francais, mengeluarkan lesen francais, memantau pematuhan syarat-syarat francais, dan menyelesaikan pertikaian antara francaisor dan francaisi.",41
Apakah langkah-langkah yang diambil oleh kementerian untuk membanteras aktiviti penggubahan wang haram dalam sektor perdagangan?,"Kementerian menjalankan pemeriksaan ke atas transaksi mencurigakan, menguatkuasakan Akta Pencegahan Pengubahan Wang Haram, dan bekerjasama dengan institusi kewangan untuk mengesan aktiviti haram.",41
Bagaimanakah kementerian membantu perniagaan kecil dan sederhana dalam menghadapi cabaran ekonomi?,"Kementerian menyediakan bantuan seperti geran perniagaan, program latihan keusahawanan, khidmat nasihat perniagaan, dan memudahkan akses kepada pembiayaan melalui kerjasama dengan institusi kewangan.",41
Apakah peranan kementerian dalam mengawal selia perdagangan dalam talian?,"Kementerian mengawal selia e-dagang melalui Akta Perdagangan Elektronik, memantau platform dalam talian, menangani isu penipuan dalam talian, dan melindungi hak pengguna dalam transaksi digital.",41
Bagaimanakah kementerian menangani isu penimbunan barang keperluan semasa kecemasan?,"Kementerian menjalankan pemeriksaan mengejut di premis perniagaan, mengenakan denda berat kepada penimbun, dan memastikan bekalan barang mencukupi melalui kerjasama dengan pengeluar dan pengedar.",41
Apakah inisiatif kementerian untuk menggalakkan amalan perniagaan yang beretika?,"Inisiatif termasuk program pendidikan etika perniagaan, anugerah perniagaan beretika, dan penguatkuasaan undang-undang berkaitan amalan perniagaan yang adil.",41
Bagaimanakah kementerian memantau dan mengawal harga minyak masak di pasaran?,"Kementerian menetapkan harga siling untuk minyak masak bersubsidi, menjalankan pemeriksaan berkala di premis perniagaan, dan mengambil tindakan terhadap peniaga yang menjual melebihi harga kawalan.",41
Apakah langkah-langkah yang diambil oleh kementerian untuk melindungi hak harta intelek?,"Kementerian menguatkuasakan undang-undang hak cipta dan paten, menjalankan operasi membanteras produk tiruan, dan mengadakan kempen kesedaran tentang kepentingan harta intelek.",41
Bagaimanakah kementerian menggalakkan persaingan sihat dalam pasaran?,"Kementerian menguatkuasakan Akta Persaingan, menyiasat amalan antipersaingan, dan menggalakkan kemasukan pemain baru dalam industri untuk meningkatkan pilihan pengguna.",41
Apakah peranan kementerian dalam mengawal selia industri logam berharga?,"Kementerian mengawal selia industri logam berharga melalui pengeluaran lesen, pemantauan harga emas, dan penguatkuasaan standard kualiti untuk produk emas dan perak.",41
Bagaimanakah kementerian membantu pengguna yang tertipu dalam skim pelaburan haram?,"Kementerian menyediakan saluran aduan, bekerjasama dengan pihak berkuasa untuk menyiasat skim haram, dan menjalankan kempen kesedaran untuk mendidik orang ramai tentang risiko pelaburan.",41
Apakah inisiatif kementerian untuk menggalakkan penggunaan teknologi dalam perniagaan runcit?,"Inisiatif termasuk geran digitalisasi untuk peruncit, program latihan e-dagang, dan kerjasama dengan syarikat teknologi untuk memperkenalkan penyelesaian inovatif dalam sektor runcit.",41
Bagaimanakah orang awam boleh menyemak status halal sesuatu produk melalui kementerian?,Orang awam boleh menyemak status halal produk melalui aplikasi rasmi Halal Malaysia atau laman web kementerian. Kementerian juga bekerjasama dengan JAKIM untuk memastikan ketepatan maklumat halal.,41
Apakah fungsi utama Kementerian Ekonomi?,"Fungsi utama Kementerian Ekonomi adalah untuk merancang, merangka, dan melaksanakan dasar-dasar ekonomi negara, serta memantau pertumbuhan ekonomi dan pembangunan sosio-ekonomi Malaysia.",42
Bagaimanakah Kementerian Ekonomi menggalakkan pelaburan asing di Malaysia?,"Kementerian bekerjasama dengan agensi seperti MIDA untuk menawarkan insentif pelaburan, menganjurkan misi perdagangan antarabangsa, dan memudahkan proses kelulusan pelaburan asing.",42
Apakah langkah-langkah yang diambil oleh kementerian untuk mengurangkan ketidakseimbangan ekonomi antara wilayah?,"Kementerian melaksanakan program pembangunan wilayah, menyediakan insentif untuk pelaburan di kawasan kurang maju, dan membangunkan infrastruktur di kawasan luar bandar.",42
Bagaimanakah kementerian memantau dan mengawal inflasi negara?,"Kementerian bekerjasama dengan Bank Negara Malaysia untuk memantau kadar inflasi, menganalisis trend ekonomi, dan mencadangkan dasar-dasar untuk mengawal kenaikan harga.",42
Apakah peranan kementerian dalam perancangan jangka panjang ekonomi negara?,Kementerian bertanggungjawab merangka dan melaksanakan pelan pembangunan jangka panjang seperti Rancangan Malaysia Lima Tahun dan Wawasan Kemakmuran Bersama 2030.,42
Bagaimanakah kementerian menggalakkan pertumbuhan industri hijau di Malaysia?,"Kementerian menyediakan insentif cukai untuk industri hijau, menggalakkan pelaburan dalam teknologi mesra alam, dan menetapkan sasaran pertumbuhan untuk sektor ekonomi hijau.",42
Apakah strategi kementerian untuk meningkatkan produktiviti negara?,"Strategi termasuk menggalakkan automasi dan digitalisasi industri, meningkatkan kemahiran tenaga kerja melalui latihan, dan memperkenalkan insentif untuk inovasi dan penyelidikan.",42
Bagaimanakah kementerian membantu Perusahaan Kecil dan Sederhana (PKS) dalam pembangunan ekonomi?,"Kementerian menyediakan geran dan pinjaman khas untuk PKS, program pembangunan kapasiti, dan memudahkan akses ke pasaran antarabangsa melalui program promosi eksport.",42
Apakah langkah-langkah yang diambil oleh kementerian untuk menangani pengangguran?,"Kementerian melaksanakan program latihan semula dan peningkatan kemahiran, menggalakkan penciptaan pekerjaan melalui pelaburan, dan menyediakan platform pekerjaan untuk menghubungkan pencari kerja dengan majikan.",42
Bagaimanakah kementerian mengintegrasikan ekonomi digital dalam perancangan pembangunan negara?,"Kementerian memasukkan strategi ekonomi digital dalam pelan pembangunan nasional, menyediakan insentif untuk transformasi digital perniagaan, dan melabur dalam infrastruktur digital.",42
Apakah inisiatif kementerian untuk menggalakkan inovasi dan penyelidikan dalam ekonomi?,"Inisiatif termasuk Dana Penyelidikan dan Pembangunan Nasional, kerjasama industri-akademia, dan insentif cukai untuk syarikat yang melabur dalam R&D.",42
Bagaimanakah kementerian memastikan pembangunan ekonomi yang inklusif?,"Kementerian melaksanakan dasar-dasar yang menggalakkan penyertaan semua lapisan masyarakat dalam ekonomi, termasuk program pembangunan untuk golongan B40 dan masyarakat luar bandar.",42
Apakah peranan kementerian dalam menangani impak perubahan iklim terhadap ekonomi?,"Kementerian merangka dasar-dasar ekonomi yang mengambil kira risiko perubahan iklim, menggalakkan pelaburan dalam teknologi rendah karbon, dan membangunkan sektor ekonomi yang berdaya tahan terhadap perubahan iklim.",42
Bagaimanakah kementerian menggalakkan keusahawanan di kalangan belia?,"Kementerian menyediakan program latihan keusahawanan khusus untuk belia, dana permulaan perniagaan, dan program mentor untuk usahawan muda.",42
Apakah langkah-langkah yang diambil oleh kementerian untuk meningkatkan daya saing ekonomi Malaysia di peringkat global?,"Langkah-langkah termasuk meningkatkan kemahiran tenaga kerja, menggalakkan inovasi dan teknologi tinggi, memudahkan urusan perniagaan, dan mempromosikan Malaysia sebagai destinasi pelaburan.",42
Bagaimanakah kementerian mengawal selia dan memantau projek-projek infrastruktur besar negara?,"Kementerian memantau pelaksanaan projek-projek infrastruktur melalui Unit Perancang Ekonomi, menilai impak ekonomi projek-projek tersebut, dan memastikan pematuhan kepada garis panduan kewangan dan teknikal.",42
Apakah strategi kementerian untuk mengurangkan kebergantungan Malaysia kepada eksport komoditi?,"Strategi termasuk menggalakkan pelaburan dalam industri bernilai tinggi, mempelbagaikan ekonomi melalui sektor perkhidmatan, dan meningkatkan nilai tambah dalam pemprosesan komoditi.",42
Bagaimanakah kementerian menangani isu ketidakseimbangan pendapatan dalam masyarakat?,"Kementerian melaksanakan dasar-dasar pengagihan pendapatan yang adil, meningkatkan peluang pekerjaan berkemahiran tinggi, dan menyediakan bantuan sosial yang disasarkan kepada golongan berpendapatan rendah.",42
Apakah peranan kementerian dalam menggalakkan pembangunan ekonomi berasaskan pengetahuan?,"Kementerian menggalakkan pelaburan dalam pendidikan tinggi dan latihan vokasional, menyokong pembangunan kluster industri berteknologi tinggi, dan memupuk budaya inovasi dalam ekonomi.",42
Bagaimanakah orang awam boleh menyumbang idea untuk pembangunan ekonomi negara kepada kementerian?,"Orang awam boleh menyumbang idea melalui platform maklum balas dalam talian kementerian, menghadiri sesi konsultasi awam yang dianjurkan, atau mengambil bahagian dalam dialog ekonomi yang diadakan oleh kementerian.",42
Bagaimanakah cara saya mendaftarkan anak saya untuk sekolah rendah?,"Untuk mendaftar anak ke sekolah rendah, anda perlu mengisi borang pendaftaran dalam talian melalui sistem pendaftaran sekolah atau mengunjungi sekolah pilihan untuk pendaftaran secara manual. Sediakan dokumen seperti sijil kelahiran anak dan kad pengenalan ibu bapa. Pendaftaran biasanya dibuka setahun sebelum anak anda memulakan Tahun 1.",43
Bilakah tarikh permohonan untuk biasiswa JPA dibuka?,"Tarikh permohonan biasiswa JPA biasanya dibuka selepas keputusan SPM diumumkan, sekitar bulan Mac atau April setiap tahun. Anda boleh menyemak laman web rasmi JPA atau portal MyBrain untuk maklumat terkini mengenai tarikh permohonan dan syarat-syarat kelayakan.",43
Apa yang perlu saya lakukan jika anak saya mengalami buli di sekolah?,"Jika anak anda mengalami buli, laporkan segera kepada guru kelas atau kaunselor sekolah. Jika tiada tindakan diambil, hubungi pengetua sekolah atau Pejabat Pendidikan Daerah. Pastikan anda mendokumentasikan kejadian dan tindakan yang diambil. Kementerian juga menyediakan talian aduan buli di 15999 yang boleh dihubungi untuk bantuan segera.",43
Bolehkah saya memilih untuk anak saya belajar Bahasa Cina atau Tamil di sekolah kebangsaan?,"Ya, anda boleh memohon untuk anak anda mempelajari Bahasa Cina atau Tamil di sekolah kebangsaan melalui Program Bahasa Tambahan, tertakluk kepada ketersediaan guru dan bilangan minimum pelajar. Hubungi pihak sekolah untuk maklumat lanjut tentang penawaran program ini di sekolah anak anda.",43
Bagaimanakah cara saya memohon pertukaran sekolah untuk anak saya?,"Untuk memohon pertukaran sekolah, anda perlu mengisi borang permohonan pertukaran yang boleh didapati di sekolah semasa atau boleh dimuat turun dari laman web Kementerian Pendidikan. Sertakan dokumen sokongan seperti surat pengesahan majikan jika pertukaran disebabkan oleh perpindahan kerja. Hantar permohonan ke Pejabat Pendidikan Daerah untuk diproses.",43
Adakah anak saya yang kurang upaya boleh belajar di sekolah biasa?,"Ya, anak anda yang kurang upaya boleh belajar di sekolah biasa melalui Program Pendidikan Khas Integrasi (PPKI) yang disediakan di sekolah-sekolah terpilih. Anda perlu mendapatkan penilaian dari pakar perubatan dan menghubungi Pejabat Pendidikan Daerah untuk mendapatkan maklumat tentang sekolah yang menawarkan program ini berdekatan dengan anda.",43
Bagaimanakah cara saya menyemak keputusan peperiksaan SPM anak saya secara dalam talian?,"Untuk menyemak keputusan SPM secara dalam talian, anda boleh melayari portal rasmi Lembaga Peperiksaan Malaysia pada hari keputusan diumumkan. Anda memerlukan nombor kad pengenalan anak anda dan nombor angka giliran SPM. Pastikan anda mempunyai sambungan internet yang stabil semasa membuat semakan.",43
Bilakah cuti sekolah bermula untuk penggal ini?,Tarikh cuti sekolah berbeza mengikut negeri dan jenis sekolah. Anda boleh menyemak kalendar persekolahan terkini di laman web rasmi Kementerian Pendidikan atau hubungi sekolah anak anda untuk maklumat yang tepat. Kalendar ini biasanya dikeluarkan pada awal tahun untuk keseluruhan tahun persekolahan.,43
Apakah dokumen yang diperlukan untuk mendaftar anak saya di prasekolah kerajaan?,"Untuk mendaftar anak di prasekolah kerajaan, anda perlu menyediakan sijil kelahiran anak, kad pengenalan ibu bapa, bukti pendapatan isi rumah (slip gaji atau pengesahan pendapatan), dan bukti alamat. Pendaftaran biasanya dibuka setahun sebelum anak anda memulakan prasekolah dan keutamaan diberikan kepada keluarga berpendapatan rendah.",43
Bagaimanakah cara saya memohon bantuan persekolahan untuk anak saya?,"Untuk memohon bantuan persekolahan, anda boleh menghubungi pihak sekolah atau Pejabat Pendidikan Daerah. Bantuan yang tersedia termasuk Kumpulan Wang Amanah Pelajar Miskin (KWAPM) dan Rancangan Makanan Tambahan (RMT). Anda perlu menyediakan bukti pendapatan, salinan kad pengenalan, dan dokumen sokongan lain. Permohonan biasanya dibuka pada awal tahun persekolahan.",43
Adakah anak saya dibenarkan membawa telefon bimbit ke sekolah?,"Secara umumnya, pelajar tidak dibenarkan membawa telefon bimbit ke sekolah. Walau bagaimanapun, beberapa sekolah mungkin membenarkannya dengan syarat-syarat tertentu. Semak dengan pihak pentadbiran sekolah anak anda untuk mengetahui dasar khusus sekolah mengenai penggunaan telefon bimbit.",43
Bagaimanakah cara saya melibatkan diri dalam PIBG sekolah anak saya?,"Untuk melibatkan diri dalam PIBG, hadiri mesyuarat agung tahunan PIBG yang biasanya diadakan pada awal tahun persekolahan. Anda boleh mendaftar sebagai ahli dan menawarkan diri untuk jawatan dalam jawatankuasa PIBG. Hubungi pejabat sekolah atau guru besar untuk maklumat lanjut tentang aktiviti PIBG dan cara untuk menyumbang.",43
Apakah pilihan yang ada jika anak saya tidak mendapat tempat di sekolah pilihan pertama?,"Jika anak anda tidak mendapat tempat di sekolah pilihan pertama, anda boleh memohon rayuan melalui Pejabat Pendidikan Daerah. Sediakan surat rayuan dengan alasan yang kukuh dan dokumen sokongan. Anda juga boleh mempertimbangkan pilihan sekolah lain di kawasan anda atau sekolah swasta jika mampu.",43
Bagaimanakah cara saya mendapatkan transkrip akademik saya yang hilang?,"Untuk mendapatkan transkrip akademik yang hilang, hubungi sekolah terakhir anda atau Jabatan Pendidikan Negeri jika sekolah tersebut telah ditutup. Untuk keputusan peperiksaan awam seperti SPM, anda boleh memohon salinan dari Lembaga Peperiksaan Malaysia dengan membayar fi yang ditetapkan.",43
Adakah terdapat program tuisyen percuma yang disediakan oleh kementerian?,"Ya, Kementerian Pendidikan menyediakan Program Tuisyen Rakyat yang menawarkan kelas tambahan percuma untuk pelajar dari keluarga berpendapatan rendah. Program ini biasanya dijalankan di sekolah-sekolah terpilih. Hubungi sekolah anak anda atau Pejabat Pendidikan Daerah untuk maklumat lanjut dan cara untuk mendaftar.",43
Bagaimanakah cara saya memohon untuk menjadi guru sekolah kerajaan?,"Untuk menjadi guru sekolah kerajaan, anda perlu memohon melalui Suruhanjaya Perkhidmatan Pendidikan (SPP) apabila iklan jawatan dibuka. Anda memerlukan kelayakan minimum ijazah sarjana muda pendidikan atau ijazah dalam bidang pengkhususan dengan diploma pendidikan. Permohonan boleh dibuat secara dalam talian melalui portal rasmi SPP.",43
Apakah yang perlu saya lakukan jika anak saya menghadapi masalah pembelajaran di sekolah?,"Jika anak anda menghadapi masalah pembelajaran, berbincang dengan guru kelasnya terlebih dahulu. Mereka mungkin mencadangkan penilaian lanjut oleh kaunselor sekolah atau pakar pendidikan khas. Anda juga boleh memohon untuk anak anda menjalani ujian di Pusat Perkhidmatan Pendidikan Khas Kementerian Pendidikan untuk mengenal pasti keperluan khusus dan sokongan yang sesuai.",43
Bolehkah saya memilih untuk anak saya tidak mengambil subjek tertentu di sekolah?,"Secara umumnya, pelajar perlu mengambil semua subjek teras yang ditetapkan dalam kurikulum nasional. Walau bagaimanapun, untuk subjek elektif di peringkat menengah atas, anda boleh berbincang dengan pihak sekolah mengenai pilihan yang tersedia. Untuk kes-kes khas seperti masalah kesihatan, anda boleh memohon pengecualian dengan bukti perubatan melalui pihak sekolah.",43
Bagaimanakah cara saya menyemak status permohonan kemasukan anak saya ke sekolah berasrama penuh?,"Untuk menyemak status permohonan ke sekolah berasrama penuh, anda boleh melayari portal rasmi Kementerian Pendidikan atau sistem aplikasi dalam talian yang digunakan semasa permohonan. Anda memerlukan nombor kad pengenalan anak anda dan nombor rujukan permohonan. Keputusan biasanya diumumkan beberapa bulan selepas tarikh tutup permohonan.",43
Apakah yang boleh saya lakukan jika saya tidak mampu membayar yuran sekolah anak saya?,"Jika anda menghadapi kesukaran membayar yuran sekolah, berbincang dengan pihak pentadbiran sekolah. Banyak sekolah mempunyai dana bantuan atau boleh menawarkan pelan pembayaran. Anda juga boleh memohon bantuan kewangan melalui program seperti Kumpulan Wang Amanah Pelajar Miskin (KWAPM) atau bantuan zakat pendidikan jika anda memenuhi syarat.",43
Bagaimanakah cara saya menyemak status bayaran balik cukai pendapatan saya?,"Untuk menyemak status bayaran balik cukai pendapatan, log masuk ke portal ezHASiL di laman web rasmi Lembaga Hasil Dalam Negeri (LHDN). Di sana, anda boleh melihat status terkini bayaran balik anda. Jika anda tidak mempunyai akaun ezHASiL, anda boleh menghubungi Pusat Panggilan LHDN di 03-8911 1000 untuk bantuan.",46
Bilakah tarikh akhir untuk menghantar borang cukai pendapatan?,"Tarikh akhir untuk menghantar borang cukai pendapatan bergantung pada jenis borang dan status pekerjaan anda. Untuk individu yang bekerja sendiri, tarikh akhir biasanya 30 Jun. Bagi individu yang bekerja makan gaji, tarikh akhir biasanya 30 April. Namun, sentiasa semak laman web LHDN untuk tarikh tepat kerana ia mungkin berubah setiap tahun.",46
Bagaimanakah cara saya memohon pengeluaran KWSP untuk membeli rumah?,"Untuk memohon pengeluaran KWSP bagi pembelian rumah, anda perlu mengisi borang KWSP 9C (AHL) dan menyertakan dokumen sokongan seperti salinan perjanjian jual beli dan bukti pembiayaan perumahan. Hantar permohonan ke pejabat KWSP atau melalui portal i-Akaun jika anda mempunyai akaun dalam talian. Pastikan anda memenuhi syarat kelayakan seperti masih mempunyai pinjaman perumahan dan belum pernah membuat pengeluaran untuk tujuan ini sebelumnya.",46
Adakah saya layak untuk menerima bantuan kewangan BR1M/BPR?,"Kelayakan untuk Bantuan Rakyat 1Malaysia (BR1M) atau Bantuan Prihatin Rakyat (BPR) bergantung pada pendapatan isi rumah anda. Secara umum, individu bujang yang berpendapatan kurang dari RM2,000 sebulan atau isi rumah dengan pendapatan kurang dari RM4,000 sebulan layak memohon. Untuk memastikan kelayakan anda, semak kriteria terkini di laman web rasmi Kementerian Kewangan atau portal BPR.",46
Bagaimanakah cara saya membuat rayuan cukai pendapatan?,"Untuk membuat rayuan cukai pendapatan, anda perlu mengisi Borang Q dan menghantarnya ke pejabat LHDN dalam tempoh 30 hari dari tarikh notis taksiran. Sertakan semua dokumen sokongan yang berkaitan dengan rayuan anda. Anda juga boleh membuat rayuan melalui portal ezHASiL jika anda mempunyai akaun dalam talian.",46
Apakah dokumen yang diperlukan untuk membuka akaun Tabung Haji?,"Untuk membuka akaun Tabung Haji, anda memerlukan kad pengenalan, bukti alamat terkini (seperti bil utiliti), dan deposit minimum (biasanya RM10). Jika anda membuka akaun untuk anak di bawah umur, anda juga perlu membawa sijil kelahiran anak. Anda boleh membuka akaun di mana-mana cawangan Tabung Haji atau bank-bank yang bekerjasama dengan Tabung Haji.",46
Bagaimanakah cara saya menyemak baki PTPTN saya?,"Untuk menyemak baki PTPTN anda, log masuk ke portal rasmi PTPTN di www.ptptn.gov.my menggunakan nombor kad pengenalan anda. Di sana, anda boleh melihat baki pinjaman terkini, jadual pembayaran, dan membuat pembayaran dalam talian. Jika anda menghadapi masalah, hubungi talian hotline PTPTN di 03-2193 3000 untuk bantuan.",46
Adakah saya perlu membayar cukai jika saya menerima wang dari luar negara?,"Secara umumnya, wang yang anda terima dari luar negara boleh dikenakan cukai jika ia dianggap sebagai pendapatan. Ini termasuk gaji, bayaran perkhidmatan, atau keuntungan perniagaan. Walau bagaimanapun, hadiah peribadi atau warisan biasanya tidak dikenakan cukai. Adalah disarankan untuk merujuk kepada LHDN atau perunding cukai untuk mendapatkan nasihat khusus berdasarkan situasi anda.",46
Bagaimanakah cara saya memohon pinjaman perniagaan dari SME Corp?,"Untuk memohon pinjaman perniagaan dari SME Corp, anda perlu melawat laman web rasmi SME Corp dan memilih skim pembiayaan yang sesuai dengan keperluan perniagaan anda. Lengkapkan borang permohonan dalam talian dan sertakan dokumen yang diperlukan seperti pelan perniagaan, penyata kewangan, dan bukti pendaftaran perniagaan. Anda juga boleh menghubungi pusat SME Corp terdekat untuk bantuan dalam proses permohonan.",46
Apakah langkah-langkah untuk mendaftar sebagai pembayar cukai baru?,"Untuk mendaftar sebagai pembayar cukai baru, anda perlu mengisi Borang CP600B (untuk perniagaan) atau CP600A (untuk individu) dan menghantarnya ke pejabat LHDN bersama dengan dokumen sokongan seperti kad pengenalan dan bukti pendapatan. Anda juga boleh mendaftar secara dalam talian melalui portal e-Daftar di laman web LHDN. Setelah berdaftar, anda akan menerima nombor cukai pendapatan anda.",46
Bagaimanakah cara saya menyemak status permohonan BR1M/BPR saya?,"Untuk menyemak status permohonan BR1M/BPR anda, layari portal rasmi BR1M/BPR di https://bpr.hasil.gov.my. Masukkan nombor kad pengenalan anda dan ikuti arahan untuk menyemak status. Anda juga boleh menyemak melalui aplikasi mudah alih MyBR1M atau menghubungi talian hotline BR1M/BPR di 1800-88-2716 untuk pertanyaan.",46
Adakah saya perlu membayar cukai atas keuntungan penjualan saham?,"Di Malaysia, keuntungan dari penjualan saham (capital gains) biasanya tidak dikenakan cukai untuk individu. Walau bagaimanapun, jika anda dianggap sebagai peniaga saham profesional atau kerap melakukan transaksi saham, keuntungan tersebut mungkin dianggap sebagai pendapatan perniagaan dan boleh dikenakan cukai. Jika anda tidak pasti, adalah baik untuk mendapatkan nasihat dari perunding cukai.",46
Bagaimanakah cara saya memohon pengurangan cukai untuk sumbangan amal?,"Untuk memohon pengurangan cukai atas sumbangan amal, pastikan anda menyumbang kepada organisasi yang diluluskan oleh LHDN. Simpan resit atau bukti sumbangan. Semasa mengisi borang cukai pendapatan tahunan anda, masukkan jumlah sumbangan di bahagian yang berkaitan. Sumbangan yang layak biasanya boleh ditolak sehingga 7% daripada pendapatan agregat anda.",46
Apakah dokumen yang diperlukan untuk memohon pinjaman perumahan kerajaan?,"Untuk memohon pinjaman perumahan kerajaan, anda biasanya perlu menyediakan dokumen berikut: borang permohonan yang lengkap, salinan kad pengenalan, slip gaji terkini, penyata KWSP, surat tawaran pekerjaan, perjanjian jual beli rumah, dan pelan rumah. Keperluan dokumen mungkin berbeza bergantung pada jenis pinjaman dan agensi yang menawarkannya. Semak dengan Bahagian Pinjaman Perumahan Perbendaharaan untuk senarai lengkap dokumen yang diperlukan.",46
Bagaimanakah cara saya membuat aduan tentang penipuan kewangan?,"Untuk membuat aduan tentang penipuan kewangan, anda boleh menghubungi Suruhanjaya Sekuriti Malaysia melalui talian aduan mereka di 03-6204 8999 atau menghantar aduan melalui laman web mereka. Untuk kes yang melibatkan bank atau institusi kewangan, anda boleh membuat aduan kepada Bank Negara Malaysia melalui BNMTELELINK di 1-300-88-5465. Pastikan anda mempunyai bukti dan maklumat terperinci mengenai penipuan tersebut semasa membuat aduan.",46
Apakah syarat-syarat untuk memohon skim Rumah Pertamaku?,"Syarat-syarat utama untuk Skim Rumah Pertamaku termasuk: warganegara Malaysia berumur 21-35 tahun, pendapatan bulanan tidak melebihi RM5,000 (individu) atau RM10,000 (pasangan), membeli rumah pertama dengan harga tidak melebihi RM500,000, dan rumah tersebut untuk didiami sendiri. Syarat-syarat ini mungkin berubah, jadi semak dengan bank yang mengambil bahagian atau laman web Kementerian Perumahan dan Kerajaan Tempatan untuk maklumat terkini.",46
Bagaimanakah cara saya menuntut wang tidak dituntut dari kerajaan?,"Untuk menuntut wang tidak dituntut, anda perlu menyemak status wang anda di laman web Pendaftar Wang Tak Dituntut di https://egumis.anm.gov.my. Jika anda menemui wang anda, isi borang permohonan UMA-7 dan hantar ke pejabat Pendaftar Wang Tak Dituntut bersama dengan dokumen sokongan seperti kad pengenalan dan bukti pemilikan. Proses ini mungkin mengambil masa beberapa bulan.",46
Adakah saya layak untuk pengecualian cukai sebagai OKU?,"Ya, individu OKU yang berdaftar dengan Jabatan Kebajikan Masyarakat layak untuk pengecualian cukai tambahan. Ini termasuk pengecualian peribadi tambahan sebanyak RM6,000 dan pengecualian untuk pembelian alat bantuan OKU. Untuk menuntut pengecualian ini, anda perlu menyertakan salinan kad OKU anda semasa menghantar borang cukai pendapatan tahunan.",46
Bagaimanakah cara saya menyemak status GST/SST syarikat saya?,"Untuk menyemak status GST/SST syarikat anda, layari portal MySST di https://mysst.customs.gov.my. Masukkan nombor pendaftaran syarikat atau nombor GST/SST anda untuk melihat status terkini. Jika anda menghadapi masalah, anda boleh menghubungi Pusat Panggilan Kastam di 03-7806 7200 untuk bantuan.",46
Apakah langkah-langkah untuk memohon lesen import/eksport?,"Untuk memohon lesen import/eksport, anda perlu mendaftar dengan sistem DagangNet dan memohon melalui portal ePermit. Langkah-langkahnya termasuk: 1) Daftar syarikat dengan Suruhanjaya Syarikat Malaysia, 2) Daftar dengan Kastam DiRaja Malaysia untuk nombor pengenalan GST/SST, 3) Mohon ID pengguna DagangNet, 4) Lengkapkan permohonan lesen melalui ePermit, 5) Bayar fi yang berkaitan. Proses ini mungkin berbeza bergantung pada jenis barang yang diimport/dieksport.",46
Bagaimana saya boleh mendapatkan kad vaksinasi COVID-19 saya?,"Anda boleh memuat turun kad vaksinasi digital anda melalui aplikasi MySejahtera. Jika anda memerlukan salinan fizikal, sila hubungi klinik kesihatan terdekat.",48
Di manakah saya boleh mendapatkan pemeriksaan kesihatan percuma?,Klinik kesihatan kerajaan menawarkan pemeriksaan kesihatan asas percuma. Sila hubungi klinik kesihatan terdekat anda untuk membuat temu janji.,48
Berapa lamakah masa menunggu biasa untuk mendapatkan temu janji dengan pakar di hospital kerajaan?,"Masa menunggu bergantung pada jenis kepakaran dan kesesakan hospital. Secara purata, ia boleh mengambil masa antara 1 hingga 3 bulan. Untuk kes-kes kecemasan, rawatan akan diberikan dengan segera.",48
Bolehkah saya menukar hospital untuk rawatan saya?,"Ya, anda boleh memohon untuk menukar hospital. Sila hubungi bahagian rekod perubatan hospital semasa anda untuk memulakan proses pemindahan.",48
Apakah yuran untuk melawat klinik kesihatan kerajaan?,Yuran rawatan asas di klinik kesihatan kerajaan adalah RM1 untuk warganegara dan RM15 untuk bukan warganegara. Yuran tambahan mungkin dikenakan untuk perkhidmatan tertentu.,48
Bagaimana saya boleh menyemak status permohonan lesen farmasi saya?,Anda boleh menyemak status permohonan lesen farmasi anda melalui portal dalam talian Pharmaceutical Services Programme atau menghubungi Bahagian Perkhidmatan Farmasi KKM.,48
Apakah langkah-langkah untuk melaporkan kesan sampingan ubat?,Anda boleh melaporkan kesan sampingan ubat melalui borang ADR dalam talian di laman web National Pharmaceutical Regulatory Agency (NPRA) atau melalui aplikasi mudah alih NPRA Product Status.,48
Bagaimana saya boleh mendaftar sebagai penderma organ?,Anda boleh mendaftar sebagai penderma organ melalui laman web rasmi National Transplant Resource Centre atau mengisi borang pendaftaran di mana-mana hospital kerajaan.,48
Apakah perkhidmatan kesihatan mental yang disediakan oleh kerajaan?,Kerajaan menyediakan perkhidmatan kaunseling dan rawatan psikiatri di hospital dan klinik kesihatan terpilih. Anda juga boleh menghubungi talian bantuan MENTARI di 03-2935 9935 untuk sokongan.,48
Bolehkah saya membuat aduan tentang perkhidmatan hospital?,"Ya, anda boleh membuat aduan melalui Sistem Pengurusan Aduan Awam (SPA) di laman web KKM atau menghubungi Unit Komunikasi Korporat hospital berkenaan.",48
Bagaimana saya boleh mendapatkan salinan rekod perubatan saya?,Anda perlu mengisi borang permohonan di hospital di mana anda menerima rawatan. Surat pengesahan identiti dan bayaran nominal mungkin diperlukan.,48
Apakah syarat-syarat untuk mendapatkan subsidi rawatan dialisis?,Pesakit perlu mendaftar dengan Pusat Dialisis Kerajaan dan memenuhi kriteria kelayakan pendapatan. Sila hubungi Unit Kerja Sosial Perubatan di hospital berdekatan untuk maklumat lanjut.,48
Di manakah saya boleh mendapatkan maklumat tentang wabak semasa?,Maklumat terkini tentang wabak boleh didapati di laman web rasmi KKM atau melalui saluran media sosial rasmi kementerian.,48
Bagaimana saya boleh menyemak kelayakan untuk insurans kesihatan kerajaan?,Anda boleh menyemak kelayakan untuk Skim Peduli Kesihatan untuk Kumpulan B40 (PeKa B40) di laman web rasmi skim tersebut atau di mana-mana klinik kesihatan kerajaan.,48
Apakah prosedur untuk membawa ubat preskripsi ke luar negara?,"Anda perlu mendapatkan surat pengesahan dari doktor yang merawat dan membawa preskripsi asal. Untuk ubat terkawal, kelulusan tambahan dari Bahagian Perkhidmatan Farmasi KKM diperlukan.",48
Bolehkah saya mendapatkan vaksin HPV percuma?,"Ya, vaksin HPV percuma disediakan untuk pelajar perempuan berumur 13 tahun di sekolah-sekolah terpilih. Untuk orang dewasa, sila semak dengan klinik kesihatan tempatan anda untuk ketersediaan dan kos.",48
Bagaimana saya boleh menyertai program berhenti merokok kerajaan?,Anda boleh mendaftar untuk program berhenti merokok di mana-mana klinik kesihatan kerajaan atau menghubungi talian bebas tol mQuit di 03-8883 4400 untuk bantuan.,48
Apakah perkhidmatan kesihatan yang tersedia untuk warga emas?,Warga emas menikmati yuran konsultasi yang lebih rendah di fasiliti kesihatan kerajaan dan mempunyai akses ke Klinik Warga Emas di hospital terpilih untuk penjagaan khusus.,48
Di manakah saya boleh mendapatkan maklumat tentang pemakanan sihat?,Maklumat tentang pemakanan sihat boleh didapati di laman web rasmi KKM atau melalui program pendidikan kesihatan di klinik-klinik kesihatan tempatan.,48
Bagaimana saya boleh menyemak status lesen pengamal perubatan saya?,Anda boleh menyemak status lesen pengamal perubatan anda melalui portal dalam talian Malaysian Medical Council atau menghubungi terus pejabat MMC.,48